{
  "aucs": {
    "maxprob": {
      "roc": 0.6651923076923076,
      "pr": 0.6252397924812818
    },
    "energy": {
      "roc": 0.5115182459050385,
      "pr": 0.4822299063710479
    },
    "prototype": {
      "roc": 0.7067908977814639,
      "pr": 0.7593430051813056
    }
  },
  "best_taus": {
    "maxprob": 0.9920978546142578,
    "energy": 11.814338684082031,
    "prototype": -10.150860786437988
  }
}