{
  "aucs": {
    "maxprob": {
      "roc": 0.629855380468588,
      "pr": 0.6714963226069778
    },
    "energy": {
      "roc": 0.6253431474186191,
      "pr": 0.6675189947973531
    },
    "prototype": {
      "roc": 0.7321921003524777,
      "pr": 0.7867438054146112
    }
  },
  "best_taus": {
    "maxprob": 0.4466705024242401,
    "energy": 3.524777412414551,
    "prototype": -1.5387969017028809
  }
}